{"cameraMode":{"drawMode":0,"name":"Shaded","section":"Shading Mode"},"sceneLighting":false,"audioPlay":false,"sceneViewState":{"showFog":true,"showMaterialUpdate":false,"showSkybox":false,"showFlares":true,"showImageEffects":true,"showParticleSystems":true},"in2DMode":false,"pivot":{"x":9.067907333374024,"y":1.2999999523162842,"z":24.118892669677736},"rotation":{"x":-0.41759881377220156,"y":0.005994079168885946,"z":-0.002755551366135478,"w":-0.9086107015609741},"size":5.8416595458984379,"orthographic":false}