{"cameraMode":{"drawMode":0,"name":"Shaded","section":"Shading Mode"},"sceneLighting":true,"audioPlay":false,"sceneViewState":{"showFog":true,"showMaterialUpdate":false,"showSkybox":true,"showFlares":true,"showImageEffects":true,"showParticleSystems":true},"in2DMode":false,"pivot":{"x":-16.01727867126465,"y":0.017312824726104738,"z":53.378883361816409},"rotation":{"x":-0.2231142520904541,"y":0.12157634645700455,"z":-0.028057027608156205,"w":-0.9667803645133972},"size":108.975341796875,"orthographic":false}