{"cameraMode":{"drawMode":0,"name":"Shaded","section":"Shading Mode"},"sceneLighting":true,"audioPlay":false,"sceneViewState":{"showFog":true,"showMaterialUpdate":false,"showSkybox":true,"showFlares":true,"showImageEffects":true,"showParticleSystems":true},"in2DMode":false,"pivot":{"x":-4.398111820220947,"y":-42.8795280456543,"z":36.35884094238281},"rotation":{"x":-0.336976557970047,"y":0.023155421018600465,"z":-0.00829012505710125,"w":-0.9411982893943787},"size":93.88592529296875,"orthographic":false}