{"cameraMode":{"drawMode":0,"name":"Shaded","section":"Shading Mode"},"sceneLighting":true,"audioPlay":false,"sceneViewState":{"showFog":true,"showMaterialUpdate":false,"showSkybox":true,"showFlares":true,"showImageEffects":true,"showParticleSystems":true},"in2DMode":false,"pivot":{"x":7.634330749511719,"y":-24.64118766784668,"z":30.114105224609376},"rotation":{"x":-0.41759881377220156,"y":0.005994079168885946,"z":-0.002755551366135478,"w":-0.9086107015609741},"size":87.8533935546875,"orthographic":false}