{"cameraMode":{"drawMode":0,"name":"Shaded","section":"Shading Mode"},"sceneLighting":true,"audioPlay":false,"sceneViewState":{"showFog":true,"showMaterialUpdate":false,"showSkybox":true,"showFlares":true,"showImageEffects":true,"showParticleSystems":true},"in2DMode":false,"pivot":{"x":-4.173353672027588,"y":-51.742713928222659,"z":5.080338954925537},"rotation":{"x":-0.4428577125072479,"y":0.10634315013885498,"z":-0.05299404636025429,"w":-0.8886855244636536},"size":162.58302307128907,"orthographic":false}