{"cameraMode":{"drawMode":0,"name":"Shaded","section":"Shading Mode"},"sceneLighting":true,"audioPlay":false,"sceneViewState":{"showFog":true,"showMaterialUpdate":false,"showSkybox":true,"showFlares":true,"showImageEffects":true,"showParticleSystems":true},"in2DMode":false,"pivot":{"x":16.816251754760743,"y":-121.18901824951172,"z":45.770896911621097},"rotation":{"x":-0.5454123020172119,"y":-0.04471230506896973,"z":0.029153969138860704,"w":-0.8364676833152771},"size":184.5508270263672,"orthographic":false}