{"cameraMode":{"drawMode":0,"name":"Shaded","section":"Shading Mode"},"sceneLighting":true,"audioPlay":false,"sceneViewState":{"showFog":true,"showMaterialUpdate":false,"showSkybox":true,"showFlares":true,"showImageEffects":true,"showParticleSystems":true},"in2DMode":false,"pivot":{"x":2.6976442337036135,"y":2.990924835205078,"z":-3.3435516357421877},"rotation":{"x":0.526595950126648,"y":-0.1561397910118103,"z":0.09909217059612274,"w":0.8297577500343323},"size":51.041709899902347,"orthographic":false}