{"cameraMode":{"drawMode":0,"name":"Shaded","section":"Shading Mode"},"sceneLighting":true,"audioPlay":false,"sceneViewState":{"showFog":true,"showMaterialUpdate":false,"showSkybox":true,"showFlares":true,"showImageEffects":true,"showParticleSystems":true},"in2DMode":false,"pivot":{"x":20.594715118408204,"y":-64.32400512695313,"z":45.80634307861328},"rotation":{"x":0.4112405776977539,"y":0.15464161336421967,"z":-0.0710158422589302,"w":0.8955066800117493},"size":136.5447998046875,"orthographic":false}