{"cameraMode":{"drawMode":0,"name":"Shaded","section":"Shading Mode"},"sceneLighting":true,"audioPlay":false,"sceneViewState":{"showFog":true,"showMaterialUpdate":false,"showSkybox":true,"showFlares":true,"showImageEffects":true,"showParticleSystems":true},"in2DMode":false,"pivot":{"x":-19.446937561035158,"y":25.30560302734375,"z":37.30079650878906},"rotation":{"x":-0.33706966042518618,"y":0.006211007013916969,"z":-0.0022236912045627834,"w":-0.9414584636688232},"size":337.4883117675781,"orthographic":false}