{"cameraMode":{"drawMode":0,"name":"Shaded","section":"Shading Mode"},"sceneLighting":true,"audioPlay":false,"sceneViewState":{"showFog":true,"showMaterialUpdate":false,"showSkybox":true,"showFlares":true,"showImageEffects":true,"showParticleSystems":true},"in2DMode":false,"pivot":{"x":-19.72271728515625,"y":-15.884933471679688,"z":8.342273712158204},"rotation":{"x":-0.47996950149536135,"y":-0.2574376165866852,"z":0.14974096417427064,"w":-0.8252019882202148},"size":249.36627197265626,"orthographic":false}