{"cameraMode":{"drawMode":0,"name":"Shaded","section":"Shading Mode"},"sceneLighting":true,"audioPlay":false,"sceneViewState":{"showFog":true,"showMaterialUpdate":false,"showSkybox":true,"showFlares":true,"showImageEffects":true,"showParticleSystems":true},"in2DMode":false,"pivot":{"x":19.200000762939454,"y":7.369999885559082,"z":-5.78000020980835},"rotation":{"x":0.5549164414405823,"y":0.009978481568396092,"z":-0.0066565657034516338,"w":0.8318217396736145},"size":22.0,"orthographic":false}