{"cameraMode":{"drawMode":0,"name":"Shaded","section":"Shading Mode"},"sceneLighting":false,"audioPlay":false,"sceneViewState":{"showFog":true,"showMaterialUpdate":false,"showSkybox":false,"showFlares":true,"showImageEffects":true,"showParticleSystems":true},"in2DMode":false,"pivot":{"x":5.179999828338623,"y":1.940000057220459,"z":33.261199951171878},"rotation":{"x":-0.1422193944454193,"y":0.8552332520484924,"z":-0.314910352230072,"w":-0.3862392008304596},"size":2.8578836917877199,"orthographic":false}