{"cameraMode":{"drawMode":0,"name":"Shaded","section":"Shading Mode"},"sceneLighting":true,"audioPlay":false,"sceneViewState":{"showFog":true,"showMaterialUpdate":false,"showSkybox":true,"showFlares":true,"showImageEffects":true,"showParticleSystems":true},"in2DMode":false,"pivot":{"x":-18.39999771118164,"y":84.0,"z":-42.11000061035156},"rotation":{"x":0.37176862359046938,"y":0.2774091362953186,"z":-0.11744958162307739,"w":0.8780897259712219},"size":87.99546813964844,"orthographic":true}