{"cameraMode":{"drawMode":0,"name":"Shaded","section":"Shading Mode"},"sceneLighting":true,"audioPlay":false,"sceneViewState":{"showFog":true,"showMaterialUpdate":false,"showSkybox":true,"showFlares":true,"showImageEffects":true,"showParticleSystems":true},"in2DMode":false,"pivot":{"x":72.09095001220703,"y":-39.11663818359375,"z":31.866504669189454},"rotation":{"x":-0.3976961672306061,"y":-0.05582524091005325,"z":0.024250758811831476,"w":-0.9154965281486511},"size":236.09303283691407,"orthographic":false}