{"cameraMode":{"drawMode":0,"name":"Shaded","section":"Shading Mode"},"sceneLighting":true,"audioPlay":false,"sceneViewState":{"showFog":true,"showMaterialUpdate":false,"showSkybox":true,"showFlares":true,"showImageEffects":true,"showParticleSystems":true},"in2DMode":false,"pivot":{"x":13.108396530151368,"y":11.76697826385498,"z":-2.9374916553497316},"rotation":{"x":-0.040629878640174869,"y":-0.09070203453302384,"z":0.0037033383268862964,"w":-0.9950424432754517},"size":90.07622528076172,"orthographic":false}