{"cameraMode":{"drawMode":0,"name":"Shaded","section":"Shading Mode"},"sceneLighting":true,"audioPlay":false,"sceneViewState":{"showFog":true,"showMaterialUpdate":false,"showSkybox":true,"showFlares":true,"showImageEffects":true,"showParticleSystems":true},"in2DMode":false,"pivot":{"x":59.133792877197269,"y":-11.78125,"z":36.08871841430664},"rotation":{"x":0.14125153422355653,"y":-0.8322628736495972,"z":0.47575846314430239,"w":0.24709445238113404},"size":531.896240234375,"orthographic":true}