{"cameraMode":{"drawMode":0,"name":"Shaded","section":"Shading Mode"},"sceneLighting":true,"audioPlay":false,"sceneViewState":{"showFog":true,"showMaterialUpdate":false,"showSkybox":true,"showFlares":true,"showImageEffects":true,"showParticleSystems":true},"in2DMode":false,"pivot":{"x":-4.696296691894531,"y":45.82838439941406,"z":-77.14346313476563},"rotation":{"x":-0.26700371503829958,"y":0.013584640808403492,"z":-0.0037644600961357357,"w":-0.9635941982269287},"size":58.290374755859378,"orthographic":true}