{"cameraMode":{"drawMode":0,"name":"Shaded","section":"Shading Mode"},"sceneLighting":true,"audioPlay":false,"sceneViewState":{"showFog":true,"showMaterialUpdate":false,"showSkybox":true,"showFlares":true,"showImageEffects":true,"showParticleSystems":true},"in2DMode":false,"pivot":{"x":29.2083797454834,"y":-38.15715026855469,"z":-128.65672302246095},"rotation":{"x":0.0035830026026815178,"y":0.9873173832893372,"z":-0.1571146547794342,"w":0.022515693679451944},"size":287.9901428222656,"orthographic":false}