{"cameraMode":{"drawMode":0,"name":"Shaded","section":"Shading Mode"},"sceneLighting":true,"audioPlay":false,"sceneViewState":{"showFog":true,"showMaterialUpdate":false,"showSkybox":true,"showFlares":true,"showImageEffects":true,"showParticleSystems":true},"in2DMode":false,"pivot":{"x":-9.769957542419434,"y":-10.475187301635743,"z":18.972946166992189},"rotation":{"x":-0.28288108110427859,"y":0.009205360896885395,"z":-0.0027147773653268816,"w":-0.9591078162193298},"size":54.32142639160156,"orthographic":true}