{"cameraMode":{"drawMode":0,"name":"Shaded","section":"Shading Mode"},"sceneLighting":true,"audioPlay":false,"sceneViewState":{"showFog":true,"showMaterialUpdate":false,"showSkybox":true,"showFlares":true,"showImageEffects":true,"showParticleSystems":true},"in2DMode":false,"pivot":{"x":2.4921860694885256,"y":1.7843246459960938,"z":1.4579048156738282},"rotation":{"x":0.4633762538433075,"y":0.005313689820468426,"z":-0.0027778411749750377,"w":0.8861444592475891},"size":59.69460678100586,"orthographic":false}