{"cameraMode":{"drawMode":0,"name":"Shaded","section":"Shading Mode"},"sceneLighting":false,"audioPlay":false,"sceneViewState":{"showFog":true,"showMaterialUpdate":false,"showSkybox":false,"showFlares":true,"showImageEffects":true,"showParticleSystems":true},"in2DMode":false,"pivot":{"x":-0.6927661895751953,"y":2.586026191711426,"z":-1.0204105377197266},"rotation":{"x":0.2859136760234833,"y":0.64070063829422,"z":-0.2794664800167084,"w":0.6554808616638184},"size":12.485182762145996,"orthographic":false}