{"cameraMode":{"drawMode":0,"name":"Shaded","section":"Shading Mode"},"sceneLighting":true,"audioPlay":false,"sceneViewState":{"showFog":true,"showMaterialUpdate":false,"showSkybox":true,"showFlares":true,"showImageEffects":true,"showParticleSystems":true},"in2DMode":false,"pivot":{"x":-25.967498779296876,"y":-0.4824395775794983,"z":-42.41946029663086},"rotation":{"x":-0.051926389336586,"y":0.7216136455535889,"z":-0.05444749444723129,"w":-0.6881960034370422},"size":4.643670082092285,"orthographic":false}