{"cameraMode":{"drawMode":0,"name":"Shaded","section":"Shading Mode"},"sceneLighting":true,"audioPlay":false,"sceneViewState":{"showFog":true,"showMaterialUpdate":false,"showSkybox":true,"showFlares":true,"showImageEffects":true,"showParticleSystems":true},"in2DMode":false,"pivot":{"x":26.406330108642579,"y":13.548759460449219,"z":8.760787963867188},"rotation":{"x":-0.0333222970366478,"y":0.9317996501922607,"z":-0.0886092409491539,"w":-0.35041195154190066},"size":21.647899627685548,"orthographic":false}